{
  "system": {
    "keymanDeveloperVersion": "13.0.111.0",
    "fileVersion": "7.0"
  },
  "options": {
    "readmeFile": "readme.htm",
    "graphicFile": "nigeria unified image.jpg"
  },
  "info": {
    "version": {
      "description": "9"
    },
    "name": {
      "description": "Naija Type"
    },
    "copyright": {
      "description": "\u00A9 David Rowbory 2021"
    },
    "author": {
      "description": "David Rowbory",
      "url": "mailto:keyboards@m.rowbory.co.uk"
    },
    "website": {
      "description": "http://www.rowbory.co.uk",
      "url": "http://www.rowbory.co.uk"
    }
  },
  "files": [
    {
      "name": "naijatype.kmx",
      "description": "Keyboard Nigeria Unified"
    },
    {
      "name": "naijatype.js",
      "description": "File naijatype.js"
    },
    {
      "name": "readme.htm",
      "description": "File readme.htm"
    },
    {
      "name": "naijatype.ico",
      "description": "File naijatype.ico"
    },
    {
      "name": "nigeria unified image 140x250.png",
      "description": "File nigeria unified image 140x250.png"
    },
    {
      "name": "nigeria unified image.jpg",
      "description": "File nigeria unified image.jpg"
    },
    {
      "name": "AndikaAfr-R.ttf",
      "description": "Font Andika Afr"
    },
    {
      "name": "kmp.inf",
      "description": "Package information"
    },
    {
      "name": "kmp.json",
      "description": "Package information (JSON)"
    }
  ],
  "keyboards": [
    {
      "name": "Naija Type",
      "id": "naijatype",
      "version": "9",
      "oskFont": "AndikaAfr-R.ttf",
      "displayFont": "AndikaAfr-R.ttf",
      "languages": [
        {
          "name": "Hausa (Latin)",
          "id": "ha-Latn"
        }
      ]
    }
  ]
}
